{
  "version": "0.1.0",
  "author": {
    "name": "lilToon PCSS Extension Team",
    "email": "r.minegishi1987@gmail.com",
    "url": "https://github.com/zapabob"
  },
  "url": "https://zapabob.github.io/liltoon-pcss-extension/index.json",
  "packages": {
    "com.liltoon.pcss-extension": {
      "versions": {
        "1.2.0": {
          "name": "com.liltoon.pcss-extension",
          "displayName": "lilToon PCSS Extension",
          "version": "1.2.0",
          "description": "PCSS (Percentage-Closer Soft Shadows) extension for lilToon and Poiyomi shader systems with VRChat Expression support, VRC Light Volumes integration, and ModularAvatar compatibility",
          "unity": "2019.4",
          "unityRelease": "0f1",
          "author": {
            "name": "lilToon PCSS Extension Team",
            "email": "r.minegishi1987@gmail.com",
            "url": "https://github.com/zapabob"
          },
          "vpmDependencies": {
            "com.vrchat.avatars": "3.4.0",
            "com.vrchat.base": "3.4.0",
            "jp.lilxyzw.liltoon": "1.3.0",
            "nadena.dev.modular-avatar": "1.9.0"
          },
          "url": "https://github.com/zapabob/liltoon-pcss-extension/releases/download/v1.2.0/com.liltoon.pcss-extension-1.2.0.zip",
          "repo": "https://github.com/zapabob/liltoon-pcss-extension.git",
          "license": "MIT",
          "licensesUrl": "https://github.com/zapabob/liltoon-pcss-extension/blob/main/LICENSE",
          "changelogUrl": "https://github.com/zapabob/liltoon-pcss-extension/blob/main/CHANGELOG.md",
          "documentationUrl": "https://github.com/zapabob/liltoon-pcss-extension/blob/main/README.md",
          "keywords": [
            "shader",
            "toon",
            "avatar",
            "pcss",
            "shadows",
            "vrchat",
            "liltoon",
            "poiyomi",
            "expression",
            "lightvolumes",
            "vrc-light-volumes",
            "bakery",
            "lighting",
            "modular-avatar",
            "vrchat-sdk3",
            "performance",
            "optimization"
          ]
        }
      }
    }
  }
} 